trust_name,ticker,aic_sector,source_url
Aberdeen Asia Focus,,,
Aberdeen Diversified Income and Growth Trust,,,
Aberforth Smaller Companies Trust,,,
Aberforth Split Level Income Trust,,,
Absolute Return Trust,,,
Advance Developing Markets Trust,,,
Alliance Witan,,,
Allianz Technology Trust,,,
Alternative Credit Investments,,,
Alternative Investment Strategies,,,
Apax Global Alpha,,,
Ashoka India Equity Investment Trust,,,
AVI Global Trust,,,
Baillie Gifford Japan Trust,,,
Baillie Gifford Shin Nippon,,,
Baillie Gifford US Growth Trust,,,
Baillie Gifford European Growth Trust,,,
Balanced Commercial Property Trust,,,
Bankers Investment Trust,,,
Bellevue Healthcare Trust,,,
Biopharma Credit,,,
BlackRock Smaller Companies Trust,,,
BlackRock Greater Europe Investment Trust,,,
BlackRock Throgmorton Trust,,,
BlackRock World Mining Trust,,,
Bluefield Solar Income Fund,,,
Brunner Investment Trust,,,
Caledonia Investments,,,
Candover Investments,,,
Capital Gearing Trust,,,
Chrysalis Investments,,,
City of London Investment Trust,,,
Civitas Social Housing,,,
Cordiant Digital Infrastructure,,,
Ecofin Water & Power Opportunities,,,
Edinburgh Investment Trust,,,
Edinburgh Worldwide Investment Trust,,,
European Opportunities Trust,,,
European Smaller Companies Trust,,,
Fidelity Asian Values,,,
Fidelity China Special Situations,,,
Fidelity European Trust,,,
Fidelity Japan Trust,,,
Fidelity Special Values,,,
F & C Investment Trust,,,
Foresight Environmental Infrastructure,,,
Foresight Solar Fund,,,
Global Smaller Companies Trust,,,
Hansa Investment Company,,,
Henderson European Trust,,,
Henderson Far East Income,,,
Henderson Smaller Companies Investment Trust,,,
Hg Capital Trust,,,
Impax Environmental Markets,,,
Invesco Asia Dragon Trust,,,
Invesco Global Equity Income Trust,,,
Island Innovation Trust,,,
JPMorgan American Investment Trust,,,
JPMorgan Asia Growth & Income,,,
JPMorgan Claverhouse Investment Trust,,,
JPMorgan Emerging Europe Middle East & Africa Securities,,,
JPMorgan Emerging Markets Dividend Income,,,
JPMorgan Emerging Markets Growth & Income,,,
JPMorgan European Discovery,,,
JPMorgan European Growth & Income,,,
JPMorgan Global Growth & Income,,,
JPMorgan India Growth & Income,,,
JPMorgan Japanese Investment Trust,,,
Law Debenture,,,
Mercantile Investment Trust,,,
Merchants Trust,,,
Mid Wynd International Investment Trust,,,
Monks Investment Trust,,,
Murray Income Trust,,,
Murray International Trust,,,
NB Private Equity Partners,,,
NextEnergy Solar Fund,,,
North American Income Trust,,,
North Atlantic Smaller Companies Investment Trust,,,
Oakley Capital Investments,,,
Octopus Renewables Infrastructure Trust,,,
Pacific Horizon Investment Trust,,,
Pantheon Infrastructure,,,
Pantheon International,,,
Partners Group Private Equity,,,
Patria Private Equity Trust,,,
Perpetual Income & Growth Investment Trust,,,
Pershing Square Holdings,,,
Polar Capital Global Financials Trust,,,
Polar Capital Global Healthcare Trust,,,
Polar Capital Technology Trust,,,
PRS REIT,,,
The Renewables Infrastructure Group,,,
RIT Capital Partners,,,
RTW Biotech Opportunities,,,
Ruffer Investment Company,,,
Schiehallion Fund,,,
Schroder Asian Total Return Investment Company,,,
Schroder AsiaPacific Fund,,,
Schroder Income Growth Fund,,,
Schroder Japan Trust,,,
Schroder Oriental Income Fund,,,
Schroders Capital Global Innovation Trust,,,
Scottish American Investment Company,,,
Scottish Investment Trust,,,
Scottish Mortgage Investment Trust,,,
Sequoia Economic Infrastructure Income Fund,,,
Seraphim Space Investment Trust,,,
Smithson Investment Trust,,,
Syncona,,,
Temple Bar Investment Trust,,,
Templeton Emerging Markets Investment Trust,,,
TR Property Investment Trust,,,
Twentyfour Income Fund,,,
UK Commercial Property REIT,,,
Utilico Emerging Markets,,,
Vietnam Enterprise Investments,,,
VinaCapital Vietnam Opportunity Fund,,,
Witan Investment Trust,,,
Worldwide Healthcare Trust,,,
