trust_name,ticker,aic_sector,source_url,manager,management_group,notes
Aberdeen Asia Focus,AAS,Asia Pacific Smaller Companies,https://www.theaic.co.uk/companydata/aberdeen-asia-focus,"Gabriel Sacks, Ng Xin Yao",Aberdeen,
Aberdeen Diversified Income and Growth Trust,ADIG,Flexible Investment,https://quoteddata.com/company/abrdn-diversified-income-growth-adig/,,,In managed wind-down since Feb 2024; not in AIC's current comparison tool
Aberforth Smaller Companies Trust,ASL,UK Smaller Companies,https://www.theaic.co.uk/companydata/aberforth-smaller-companies,"Jeremy George Alexander Hall, Euan Robin Macdonald, Samuel George Ford, Duncan MacInnes, Robert Scott Moncrieff, Peter Robert Shaw",Aberforth Partners,
Aberforth Split Level Income Trust,ASIT,UK Smaller Companies,https://www.theaic.co.uk/aic/news/industry-news/aberforth-split-level-income-trust-provides-update-on-wind-up,,,In wind-up
Absolute Return Trust,ABR,Hedge Funds (legacy sector),https://en.wikipedia.org/wiki/Absolute_Return_Trust,,,Delisted and liquidated Dec 2013 - too old for a 10yr window from 2026
Advance Developing Markets Trust,ADD,Global Emerging Markets,https://en.wikipedia.org/wiki/Advance_Developing_Markets_Trust,,,Wound up/dissolved 2018
Alliance Witan,ALW,Global,https://www.theaic.co.uk/companydata/alliance-witan,"Mark Davis, Stuart Gray, Craig Baker",Willis Towers Watson,
Allianz Technology Trust,ATT,Technology & Technology Innovation,https://www.theaic.co.uk/companydata/allianz-technology-trust,"Michael A. Seidenberg, Danny Su, Erik Swords",Allianz Global Investors,
Alternative Credit Investments,ACI,Debt - Direct Lending,https://en.wikipedia.org/wiki/Alternative_Credit_Investments,,,"Taken over by Waterfall Asset Mgmt, delisted Mar 2021 (formerly P2P Global Investments)"
Alternative Investment Strategies,AIS,Hedge Funds (legacy sector),https://en.wikipedia.org/wiki/Alternative_Investment_Strategies,,,"Wound up, returned capital Feb 2014"
Apax Global Alpha,APAX,Private Equity,https://www.theaic.co.uk/companydata/apax-global-alpha/announcements/8978892,,,Delisted from LSE/AIC Sept 2025 after take-private acquisition (~EUR916m); no longer covered by AIC
Ashoka India Equity Investment Trust,AIE,India / Indian Subcontinent,https://www.theaic.co.uk/companydata/ashoka-india-equity,"Hiren Dasani, Ayush Abhijeet, Prashant R. Khemka",Acorn Asset Management,
AVI Global Trust,AGT,Global,https://www.theaic.co.uk/companydata/avi-global-trust,Joe Bauernfreund,Asset Value Investors,
Baillie Gifford Japan Trust,BGFD,Japan,https://www.theaic.co.uk/companydata/baillie-gifford-japan-trust,Matthew Brett,Baillie Gifford,
Baillie Gifford Shin Nippon,BGS,Japanese Smaller Companies,https://www.theaic.co.uk/companydata/baillie-gifford-shin-nippon,"Brian Lum, Jared Anderson",Baillie Gifford,
Baillie Gifford US Growth Trust,USA,North America,https://www.theaic.co.uk/companydata/baillie-gifford-us-growth,"Gary Robinson, Kirsty Gibson",Baillie Gifford,
Baillie Gifford European Growth Trust,BGEU,Europe,https://www.theaic.co.uk/companydata/baillie-gifford-european-growth,Joe Faraday,Baillie Gifford,
Balanced Commercial Property Trust,BCPT,Property - UK Commercial,https://en.wikipedia.org/wiki/Balanced_Commercial_Property_Trust,,,"Taken over by Starwood Capital, delisted Nov 2024"
Bankers Investment Trust,BNKR,Global,https://www.theaic.co.uk/companydata/bankers,"Sat Duhra, Richard Clode, Junichi Inoue, Alex Crooke",Janus Henderson Investors,
Bellevue Healthcare Trust,CTHT,Healthcare & Biotechnology,https://www.theaic.co.uk/companydata/ct-healthcare-trust,Kosta Kleyman,Columbia Threadneedle,Renamed CT Healthcare Trust after Columbia Threadneedle took over management
Biopharma Credit,BPCR,Debt - Direct Lending,https://www.theaic.co.uk/companydata/biopharma-credit,"Pedro Gonzalez de Cosio, Pablo Legorreta, Martin Friedman",Pharmakon Advisors,
BlackRock Smaller Companies Trust,BRSC,UK Smaller Companies,https://www.theaic.co.uk/companydata/blackrock-smaller-companies,Roland Arnold,BlackRock Investment Management (UK),
BlackRock Greater Europe Investment Trust,BRGE,Europe,https://www.theaic.co.uk/companydata/blackrock-greater-europe,"Brian Hall, Benjamin Moore",BlackRock Investment Management (UK),
BlackRock Throgmorton Trust,THRB,UK Smaller Companies,https://www.theaic.co.uk/companydata/blackrock-throgmorton-trust/performance,,BlackRock Investment Management (UK),"Ticker changed from THRG to THRB; Merged into BlackRock Smaller Companies Trust (BRSC), delisted Apr 2026 - see BRSC row for current manager"
BlackRock World Mining Trust,BRWM,Commodities & Natural Resources,https://www.theaic.co.uk/companydata/blackrock-world-mining,"Olivia Markham, Evy Hambro",BlackRock Investment Management (UK),
Bluefield Solar Income Fund,BSIF,Renewable Energy Infrastructure,https://www.theaic.co.uk/companydata/bluefield-solar-income-fund,,,"Drax agreed GBP548m takeover, Jan 2026 - likely delisting soon; Delisted following Drax takeover (agreed Jan 2026); no longer covered by AIC"
Brunner Investment Trust,BUT,Global,https://www.theaic.co.uk/companydata/brunner,"Julian Bishop, James Ashworth, Simon Gergel, Christian Schneider",Allianz Global Investors,
Caledonia Investments,CLDN,Flexible Investment,https://www.theaic.co.uk/companydata/caledonia-investments,Mat Masters,Caledonia Investments,
Candover Investments,CDI,Private Equity,https://en.wikipedia.org/wiki/Candover_Investments,,,Wound up/liquidated c.2011
Capital Gearing Trust,CGT,Flexible Investment,https://www.theaic.co.uk/companydata/capital-gearing-trust,"Peter Spiller, Alastair Laing, Chris Clothier, Hassan Raza, Emma Moriarty",CG Asset Management,
Chrysalis Investments,CHRY,Growth Capital,https://www.theaic.co.uk/companydata/chrysalis-investments,"Richard Watts, Nick Williamson",Chrysalis Investments,
City of London Investment Trust,CTY,UK Equity Income,https://www.theaic.co.uk/companydata/city-of-london-investment-trust,"Job Curtis (Fund Manager), David Smith (Deputy Fund Manager)",Janus Henderson Investors,
Civitas Social Housing,CSH,Property - UK Residential,https://www.theaic.co.uk/aic/news/industry-news/civitas-social-housing-soars-as-cka-group-bids-to-take-reit-private,,,"Taken private by CK Asset Holdings, delisted Aug 2023"
Cordiant Digital Infrastructure,CORD,Infrastructure,https://www.theaic.co.uk/companydata/cordiant-digital-infrastructure,"Steven Marshall, Andrew Ewe",Cordiant Capital,
Ecofin Water & Power Opportunities,ECWO,"Utilities & Infrastructure (legacy sector, unconfirmed)",https://en.wikipedia.org/wiki/Ecofin_Water_%26_Power_Opportunities,,,"Old/legacy fund, no longer in AIC's current dataset; sector unconfirmed"
Edinburgh Investment Trust,EDIN,UK Equity Income,https://www.theaic.co.uk/companydata/edinburgh-investment-trust,"Imran Sattar, Emily Barnard",Liontrust Asset Management,
Edinburgh Worldwide Investment Trust,EWI,Global Smaller Companies,https://www.theaic.co.uk/companydata/edinburgh-worldwide,"Douglas Brodie, Svetlana Viteva, Luke Ward",Baillie Gifford,
European Opportunities Trust,EOT,Europe,https://www.theaic.co.uk/companydata/european-opportunities-trust,,,Winding down in 2026; rollover option into JPMorgan European Growth & Income; Wound down 2026; rollover option was into JPMorgan European Growth & Income (JEGI) - see JEGI row
European Smaller Companies Trust,ESCT,European Smaller Companies,https://www.theaic.co.uk/companydata/the-european-smaller-companies-trust,"Ollie Beckett, Rory Stokes, Julia Scheufler",Janus Henderson Investors,
Fidelity Asian Values,FAS,Asia Pacific Smaller Companies,https://www.theaic.co.uk/companydata/fidelity-asian-values,"Nitin Bajaj, Ajinkya Dhavale",Fidelity,
Fidelity China Special Situations,FCSS,China / Greater China,https://www.theaic.co.uk/companydata/fidelity-china-special-situations,Dale Nicholls,Fidelity,
Fidelity European Trust,FEV,Europe,https://www.theaic.co.uk/companydata/fidelity-european,"Marcel Stotzel, Sam Morse",Fidelity,
Fidelity Japan Trust,FJV,Japan,https://www.theaic.co.uk/aic/news/industry-news/morning-briefing-fidelity-japan-trust-to-merge-with-avi-japan-opportunity,,,"Merged into AVI Japan Opportunity Trust, completed 2025"
Fidelity Special Values,FSV,UK All Companies,https://www.theaic.co.uk/companydata/fidelity-special-values,"Alexander B. Wright, Jonathan Winton",Fidelity,
F & C Investment Trust,FCIT,Global,https://www.theaic.co.uk/companydata/fc-investment-trust,Paul Niven,Columbia Threadneedle,
Foresight Environmental Infrastructure,FGEN,Renewable Energy Infrastructure,https://www.theaic.co.uk/companydata/foresight-environmental-infrastructure,"Edward Mountney, Charlie Wright",Foresight Group,
Foresight Solar Fund,FSFL,Renewable Energy Infrastructure,https://www.theaic.co.uk/companydata/foresight-solar-fund,Toby Virno,Foresight Group,
Global Smaller Companies Trust,GSCT,Global Smaller Companies,https://www.theaic.co.uk/companydata/the-global-smaller-companies-trust,Nish Patel,Columbia Threadneedle,
Hansa Investment Company,HAN,Flexible Investment,https://www.theaic.co.uk/companydata/hansa-investment-company-ord-ordinary-share,Alec Letchfield,Hansa Capital Partners,
Henderson European Trust,HET,Europe,https://www.theaic.co.uk/companydata/henderson-european-trust,,Janus Henderson Investors / Fidelity,Merged with Fidelity European Trust (2025/2026) to form a combined European trust - see FEV row for current manager
Henderson Far East Income,HFEL,Asia Pacific Equity Income,https://www.theaic.co.uk/companydata/henderson-far-east-income,Sat Duhra,Janus Henderson Investors,
Henderson Smaller Companies Investment Trust,HSL,UK Smaller Companies,https://www.theaic.co.uk/companydata/henderson-smaller-companies,"Indriatti van Hien, Neil Hermon",Janus Henderson Investors,
Hg Capital Trust,HGT,Private Equity,https://www.theaic.co.uk/companydata/hgcapital-trust,"Nic Humphries, Matthew Brockman, Justin Von Simson",Hg,Styled HgCapital Trust
Impax Environmental Markets,IEM,Environmental,https://www.theaic.co.uk/companydata/impax-environmental-markets,"Sanjeev Lakhani, Fotis Chatzimichalakis",Impax Asset Management,
Invesco Asia Dragon Trust,IAD,Asia Pacific Equity Income,https://www.theaic.co.uk/companydata/invesco-asia-dragon-trust,"Ian Hargreaves, Fiona Yang, Marc Ye",Invesco Asset Management,
Invesco Global Equity Income Trust,IGET,Global Equity Income,https://www.theaic.co.uk/companydata/invesco-global-equity-income-trust,"Stephen Anness, Joe Dowling",Invesco Asset Management,
Island Innovation Trust,,,,,,"Could not confirm this as an AIC-listed investment trust - possibly confused with Schroders Capital Global Innovation Trust (INOV), listed separately below"
JPMorgan American Investment Trust,JAM,North America,https://www.theaic.co.uk/companydata/jpmorgan-american,"Felise Agranoff, Graham Spence, Jack Caffrey",J.P. Morgan Asset Management,
JPMorgan Asia Growth & Income,JAGI,Asia Pacific Equity Income,https://www.theaic.co.uk/companydata/jpmorgan-asia-growth-income,"Pauline Ng, Robert Lloyd",J.P. Morgan Asset Management,
JPMorgan Claverhouse Investment Trust,JCH,UK Equity Income,https://www.theaic.co.uk/companydata/jpmorgan-claverhouse,"Anthony Lynch, Katen Patel, Callum Abbot",J.P. Morgan Asset Management,
JPMorgan Emerging Europe Middle East & Africa Securities,JEMA,Global Emerging Markets,https://www.theaic.co.uk/companydata/jpmorgan-emerging-europe-middle-east-africa-securities,"Oleg Biryulyov, Luis Carrillo",J.P. Morgan Asset Management,Now styled without 'Securities' suffix
JPMorgan Emerging Markets Dividend Income,JEMI,Global Emerging Markets,https://www.theaic.co.uk/companydata/jpmorgan-emerging-markets-dividend-income,Omar Negyal,J.P. Morgan Asset Management,
JPMorgan Emerging Markets Growth & Income,JMGI,Global Emerging Markets,https://www.theaic.co.uk/companydata/jpmorgan-emerging-markets-growth-income,"John Citron, Austin Forey",J.P. Morgan Asset Management,
JPMorgan European Discovery,JEDT,European Smaller Companies,https://www.theaic.co.uk/companydata/jpmorgan-european-discovery,"Jonathan Ingram, Jack Featherby, Jules Bloch",J.P. Morgan Asset Management,
JPMorgan European Growth & Income,JEGI,Europe,https://www.theaic.co.uk/companydata/jpmorgan-european-growth-income,"Zenah Shuhaiber, Timothy Lewis, Alexander Fitzalan Howard",J.P. Morgan Asset Management,
JPMorgan Global Growth & Income,JGGI,Global Equity Income,https://www.theaic.co.uk/companydata/jpmorgan-global-growth-income,"James Cook, Sam Witherow, Helge Skibeli",J.P. Morgan Asset Management,
JPMorgan India Growth & Income,JIGI,India / Indian Subcontinent,https://www.theaic.co.uk/companydata/jpmorgan-india-growth-income,"Amit Mehta, Sandip Patodia",J.P. Morgan Asset Management,
JPMorgan Japanese Investment Trust,JFJ,Japan,https://www.theaic.co.uk/companydata/jpmorgan-japanese,"Nicholas Weindling, Miyako Urabe",J.P. Morgan Asset Management,
Law Debenture,LWDB,UK Equity Income,https://www.theaic.co.uk/companydata/law-debenture-corporation,"Laura Foll, James Henderson",Law Debenture Corporation,Full name Law Debenture Corporation
Mercantile Investment Trust,MRC,UK All Companies,https://www.theaic.co.uk/companydata/mercantile-investment-trust,"Anthony Lynch, Guy Anderson",J.P. Morgan Asset Management,
Merchants Trust,MRCH,UK Equity Income,https://www.theaic.co.uk/companydata/merchants-trust,"Richard Knight, Andrew Koch, Simon Gergel",Allianz Global Investors,
Mid Wynd International Investment Trust,MWY,Global,https://www.theaic.co.uk/companydata/mid-wynd-international,"Louis Florentin-Lee, Barnaby Wilson",Lazard Asset Management,
Monks Investment Trust,MNKS,Global,https://www.theaic.co.uk/companydata/monks,"Helen Xiong, Michael Taylor, Malcolm MacColl",Baillie Gifford,
Murray Income Trust,MUT,UK Equity Income,https://www.theaic.co.uk/companydata/murray-income,"Nick Shenton, Andy Marsh, Jamie Lindsay, Adrian Frost",Artemis Fund Managers Limited,
Murray International Trust,MYI,Global Equity Income,https://www.theaic.co.uk/companydata/murray-international,"Martin Connaghan, Samantha Fitzpatrick",Aberdeen,
NB Private Equity Partners,NBPE,Private Equity,https://www.theaic.co.uk/companydata/neuberger-private-equity-partners,"John P. Buser, Brien P. Smith, Peter J. Von Lehe, David S. Stonberg, Jonathan D. Shofet, John H. Massey, Joana Rocha Scaff, David Morse, Patricia Miller Zollar, Kent Chen, Michael Kramer, Anthony Tutrone",Neuberger Alternatives Advisers,Renamed Neuberger Private Equity Partners; ticker unchanged (NBPE)
NextEnergy Solar Fund,NESF,Renewable Energy Infrastructure,https://www.theaic.co.uk/companydata/nextenergy-solar-fund,"Michael Bonte-Friedheim, Aldo Beolchini, Ross Grier, Giulia Guidi",NextEnergy Capital IM,
North American Income Trust,NAIT,North America,https://www.theaic.co.uk/companydata/north-american-income-trust,"Francis Radano, Jeremiah Buckley",Janus Henderson Investors,
North Atlantic Smaller Companies Investment Trust,NAS,Global Smaller Companies,https://www.theaic.co.uk/companydata/north-atlantic-smaller-companies,Christopher Mills (CEO),Harwood Capital LLP,"NAS is not an AIC member; manager sourced from the trust's own site (nascit.co.uk)/Harwood Capital, not an AIC companydata page"
Oakley Capital Investments,OCI,Private Equity,https://www.theaic.co.uk/companydata/oakley-capital-investments,Not Disclosed,Oakley Capital Investments,
Octopus Renewables Infrastructure Trust,ORIT,Renewable Energy Infrastructure,https://www.theaic.co.uk/companydata/octopus-renewables-infrastructure,"Matt Setchell, Chris Gaydon, David Bird",Octopus Renewables Ltd (as Octopus Energy Generation),
Pacific Horizon Investment Trust,PHI,Asia Pacific,https://www.theaic.co.uk/companydata/pacific-horizon-investment-trust,"Roderick Snell, Ben Durrant",Baillie Gifford,
Pantheon Infrastructure,PINT,Infrastructure,https://www.theaic.co.uk/companydata/pantheon-infrastructure,Richard Sem,Pantheon Ventures,
Pantheon International,PIN,Private Equity,https://www.theaic.co.uk/companydata/pantheon-international,Charlotte Morris,Pantheon Ventures,
Partners Group Private Equity,PEY,Private Equity,https://www.theaic.co.uk/companydata/partners-group-private-equity,"Rene Biner, Marcel Erni, Alfred Gantner, Philipp Gysler, Walter Keller, Sandra Pajarola, Christoph Rubeli, Urs Wietlisbach",Partners Group,
Patria Private Equity Trust,PPET,Private Equity,https://www.theaic.co.uk/companydata/patria-private-equity-trust,"Alan Gauld, Patrick Knechtli, Mark Nicolson, Simon Tysko, Ramone Moody",Patria Capital Partners,
Perpetual Income & Growth Investment Trust,PLI,UK Equity Income,https://en.wikipedia.org/wiki/Perpetual_Income_%26_Growth_Investment_Trust,,,"Merged into Temple Bar Investment Trust, c.2020/2021"
Pershing Square Holdings,PSH,North America,https://www.theaic.co.uk/companydata/pershing-square-holdings,William A Ackman,Pershing Square Capital Management,
Polar Capital Global Financials Trust,PCFT,Financials & Financial Innovation,https://www.theaic.co.uk/companydata/polar-capital-global-financials,"Nick Brind, Tom Dorner, George Barrow",Polar Capital Holdings,
Polar Capital Global Healthcare Trust,PCGH,Healthcare & Biotechnology,https://www.theaic.co.uk/companydata/polar-capital-global-healthcare,"James Douglas, Gareth Powell",Polar Capital Holdings,
Polar Capital Technology Trust,PCT,Technology & Technology Innovation,https://www.theaic.co.uk/companydata/polar-capital-technology,"Ben Rogoff, Alastair Unwin",Polar Capital Holdings,
PRS REIT,PRSR,Property - UK Residential,https://www.theaic.co.uk/aic/news/industry-news/prs-reit-headed-for-the-exit,,,Shareholders approved voluntary liquidation/delisting late 2025
The Renewables Infrastructure Group,TRIG,Renewable Energy Infrastructure,https://www.theaic.co.uk/companydata/renewables-infrastructure-group,Minesh Shah,InfraRed Capital Partners,
RIT Capital Partners,RCP,Flexible Investment,https://www.theaic.co.uk/companydata/rit-capital-partners,Maggie Fanari,RIT Capital Partners,
RTW Biotech Opportunities,RTW,Healthcare & Biotechnology,https://www.theaic.co.uk/companydata/rtw-biotech-opportunities,"Naveen Yalamanchi, Roderick Wong, Woody Stileman, Oliver Kenyon",RTW Investments,
Ruffer Investment Company,RICA,Flexible Investment,https://www.theaic.co.uk/companydata/ruffer-investment-company,"Alexander Chartres, Jasmine Yeo, Ian Rees",Ruffer,
Schiehallion Fund,MNTN,Growth Capital,https://www.theaic.co.uk/companydata/schiehallion-fund,"Peter Singlehurst, Robert Natzler",Baillie Gifford,
Schroder Asian Total Return Investment Company,ATR,Asia Pacific,https://www.theaic.co.uk/companydata/schroder-asian-total-return,"Robin Parbrook, Lee King Fuei, King Fuei Lee",Schroder Investment Management,
Schroder AsiaPacific Fund,SDP,Asia Pacific,https://www.theaic.co.uk/companydata/schroder-asiapacific-fund,Abbas Barkhordar,Schroder Investment Management,
Schroder Income Growth Fund,SCF,UK Equity Income,https://www.theaic.co.uk/companydata/schroder-income-growth-fund,Sue Noffke,Schroder Investment Management,
Schroder Japan Trust,SJG,Japan,https://www.theaic.co.uk/companydata/schroder-japan-trust,Masaki Taketsume,Schroder Investment Management,
Schroder Oriental Income Fund,SOI,Asia Pacific Equity Income,https://www.theaic.co.uk/companydata/schroder-oriental-income,Richard Sennitt,Schroder Investment Management,
Schroders Capital Global Innovation Trust,INOV,Growth Capital,https://www.theaic.co.uk/companydata/schroders-capital-global-innovation-trust,"Tim Creed, Harry Raikes",Schroder Investment Management,
Scottish American Investment Company,SAIN,Global Equity Income,https://www.theaic.co.uk/companydata/scottish-american,"James Dow, Ross Mathison",Baillie Gifford,
Scottish Investment Trust,SCIN,Global,https://en.wikipedia.org/wiki/Scottish_Investment_Trust,,,"Merged into JPMorgan Global Growth & Income, Sept 2022"
Scottish Mortgage Investment Trust,SMT,Global,https://www.theaic.co.uk/companydata/scottish-mortgage,"Tom Slater, Lawrence Burns",Baillie Gifford,
Sequoia Economic Infrastructure Income Fund,SEQI,Infrastructure,https://www.theaic.co.uk/companydata/sequoia-economic-infrastructure-income,Steven Cook,Sequoia Investment Management,
Seraphim Space Investment Trust,SSIT,Growth Capital,https://www.theaic.co.uk/companydata/seraphim-space-investment-trust,"Mark Boggett, James Bruegger, Rob Desborough",Seraphim Space,
Smithson Investment Trust,SSON,Global Smaller Companies,https://www.jamessharp.co.uk/market-news/smithson-investment-trust-plc-recommended-proposals-for-the-winding-up-of-the-company/,,,Winding up proposed Jan 2026
Syncona,SYNC,Healthcare & Biotechnology,https://www.theaic.co.uk/companydata/syncona,Chris Hollowood,Syncona Investment Management Limited,
Temple Bar Investment Trust,TMPL,UK Equity Income,https://www.theaic.co.uk/companydata/temple-bar-investment-trust,"Nicholas Purves, Ian Lance",RWC Asset Management (Redwheel),
Templeton Emerging Markets Investment Trust,TEM,Global Emerging Markets,https://www.theaic.co.uk/companydata/templeton-emerging-markets,"Chetan Sehgal, Andrew Ness",Franklin Templeton Investments,
TR Property Investment Trust,TRY,Property Securities,https://www.theaic.co.uk/companydata/tr-property,"Alban Lhonneur, Jo Elliott, George R. Gay, Marcus Phayre-Mudge",Columbia Threadneedle,
Twentyfour Income Fund,TFIF,Debt - Structured Finance,https://www.theaic.co.uk/companydata/twentyfour-income-fund,"Aza Teeuwen, Douglas Charleston, Elena Rinaldi, Pauline Quirin",TwentyFour Asset Management,
UK Commercial Property REIT,UKCM,Property - UK Commercial,https://www.theaic.co.uk/aic/news/industry-news/tritax-big-box-reit-in-merger-talks-with-uk-commercial-property-reit,,,Merged into Tritax Big Box REIT
Utilico Emerging Markets,UEM,Global Emerging Markets,https://www.theaic.co.uk/companydata/utilico-emerging-markets-trust,"Charles Jillings, Jacqueline Broers",ICM,
Vietnam Enterprise Investments,VEIL,Country Specialist,https://www.theaic.co.uk/companydata/vietnam-enterprise-investments,Tuan Anh Le,Dragon Capital,
VinaCapital Vietnam Opportunity Fund,VOF,Country Specialist,https://www.theaic.co.uk/companydata/vinacapital-vietnam-opportunity,"Don Lam, Khanh Vu, Brook Taylor, Michael Kokalari, Dieu Phuong Nguyen",VinaCapital Investment Management,
Witan Investment Trust,,,https://en.wikipedia.org/wiki/Alliance_Witan,,,Merged into Alliance Witan (ALW) Nov 2024 - no longer trades independently; see Alliance Witan row
Worldwide Healthcare Trust,WWH,Healthcare & Biotechnology,https://www.theaic.co.uk/companydata/worldwide-healthcare-trust,"Geoffrey C. Hsu, Trevor M. Polischuk",OrbiMed Capital,
